{"episode_types": ["t", "t", "t", "t", "t"], "episode_lengths": [152, 152, 103, 156, 152], "initial_reset_timestamp": 1549101020.2920349, "timestamps": [1549101026.4726517, 1549101031.8045535, 1549101035.6035068, 1549101041.0860145, 1549101046.435864], "episode_rewards": [-152.0, -152.0, -103.0, -156.0, -152.0]}